iso,docker_cpu_pct,mem_usage,mem_pct,block_io,net_io,pids,host_load1,host_load5,pg_active,pg_idletx,pg_conns,pg_autovac,wait_hist,top3,ndb,dbsize
2026-09-02T00:46:53Z,25.61,394.7MiB / 31.36GiB,1.23,1.51TB / 792GB,34GB / 19.5GB,16,76.28,81.87,1,0,10,0,CPU:1,-,4,8710 MB
2026-09-02T00:46:59Z,112.90,427MiB / 31.36GiB,1.33,1.51TB / 792GB,34GB / 19.5GB,16,72.49,80.99,2,0,10,0,CPU:2,1.6~WITH candidate_vectors AS MATERIALIZED (                  SELECT source_hash, source_kind, chunk_no,                    ,4,8711 MB
2026-09-02T00:47:05Z,119.75,427.4MiB / 31.36GiB,1.33,1.51TB / 792GB,34GB / 19.5GB,16,70.37,80.41,3,1,10,0,CPU:3,7.9~WITH candidate_vectors AS MATERIALIZED (                  SELECT source_hash, source_kind, chunk_no,                     ;; 0.0~INSERT INTO elements                (blob_sha, parser_version, parent_id, kind, subkind, name, address,                 ,4,8712 MB
2026-09-02T00:47:12Z,110.67,427.3MiB / 31.36GiB,1.33,1.51TB / 792GB,34GB / 19.5GB,16,63.74,78.67,2,0,10,0,CPU:2,14.1~WITH candidate_vectors AS MATERIALIZED (                  SELECT source_hash, source_kind, chunk_no,                    ,4,8713 MB
2026-09-02T00:47:18Z,2.15,424.1MiB / 31.36GiB,1.32,1.51TB / 792GB,34GB / 19.5GB,16,60.63,77.78,3,0,10,0,CPU:2,IO:1,0.0~INSERT INTO smart_content (raw_hash, model_key, text, text_hash, tags, extras)          VALUES (?, ?, ?, ?, ?, ?)        ;; 0.0~INSERT INTO embeddings_1024                (source_hash, source_kind, chunk_no, model_key, vector, truncated)           ,4,8714 MB
2026-09-02T00:47:24Z,65.12,413.9MiB / 31.36GiB,1.29,1.51TB / 792GB,34GB / 19.5GB,16,63.71,78.13,1,0,10,0,CPU:1,-,4,8716 MB
2026-09-02T00:47:30Z,101.53,418.6MiB / 31.36GiB,1.30,1.51TB / 792GB,34.1GB / 19.5GB,16,63.33,77.81,2,0,10,0,CPU:1,IO:1,0.0~INSERT INTO jobs (kind, dedupe_key, payload, not_before, priority)          VALUES (?, ?, ?, now() + make_interval(secs ,4,8723 MB
2026-09-02T00:47:37Z,54.26,418.8MiB / 31.36GiB,1.30,1.51TB / 792GB,34.1GB / 19.5GB,16,62.34,77.37,1,0,10,0,CPU:1,-,4,8728 MB
2026-09-02T00:47:43Z,22.91,416.9MiB / 31.36GiB,1.30,1.51TB / 792GB,34.1GB / 19.5GB,16,59.29,76.22,1,0,10,0,CPU:1,-,4,8729 MB
2026-09-02T00:47:49Z,8.86,417.2MiB / 31.36GiB,1.30,1.51TB / 792GB,34.1GB / 19.5GB,16,61.03,76.30,1,0,10,0,CPU:1,-,4,8730 MB
2026-09-02T00:47:55Z,15.32,418.9MiB / 31.36GiB,1.30,1.51TB / 792GB,34.1GB / 19.5GB,16,59.82,75.79,2,0,10,0,CPU:1,IO:1,0.0~INSERT INTO jobs (kind, dedupe_key, payload, not_before, priority)          VALUES (?, ?, ?, now() + make_interval(secs ,4,8731 MB
2026-09-02T00:48:01Z,55.79,418.9MiB / 31.36GiB,1.30,1.51TB / 792GB,34.1GB / 19.5GB,16,59.60,75.48,1,0,10,0,CPU:1,-,4,8732 MB
2026-09-02T00:48:08Z,42.66,426.6MiB / 31.36GiB,1.33,1.51TB / 792GB,34.1GB / 19.5GB,17,56.01,74.20,1,0,10,1,CPU:1,-,4,8734 MB
2026-09-02T00:48:14Z,34.29,425.1MiB / 31.36GiB,1.32,1.51TB / 792GB,34.1GB / 19.5GB,16,56.25,73.94,2,0,10,0,CPU:1,IO:1,0.0~INSERT INTO smart_content (raw_hash, model_key, text, text_hash, tags, extras)          VALUES (?, ?, ?, ?, ?, ?)       ,4,8736 MB
2026-09-02T00:48:20Z,18.24,424.8MiB / 31.36GiB,1.32,1.51TB / 792GB,34.1GB / 19.5GB,16,56.71,73.74,1,0,10,0,CPU:1,-,4,8737 MB
2026-09-02T00:48:26Z,69.33,425.9MiB / 31.36GiB,1.33,1.51TB / 792GB,34.1GB / 19.5GB,16,57.37,73.60,2,0,10,0,CPU:1,IO:1,0.0~UPDATE jobs SET state = ?, last_error = ?, terminal = ?, updated_at = now()           WHERE id = ?,4,8738 MB
2026-09-02T00:48:33Z,83.65,424.6MiB / 31.36GiB,1.32,1.51TB / 792GB,34.1GB / 19.5GB,16,54.27,72.41,1,0,10,0,CPU:1,-,4,8739 MB
2026-09-02T00:48:39Z,75.64,429.9MiB / 31.36GiB,1.34,1.51TB / 792GB,34.1GB / 19.5GB,16,51.76,71.59,4,0,10,0,CPU:1,IO:1,LWLock:2,0.0~INSERT INTO jobs (kind, dedupe_key, payload, not_before, priority)          VALUES (?, ?, ?, now() + make_interval(secs  ;; 0.0~UPDATE jobs SET state = ?, last_error = ?, terminal = ?, updated_at = now()           WHERE id = ? ;; 0.0~INSERT INTO jobs (kind, dedupe_key, payload, not_before, priority)          VALUES (?, ?, ?, now() + make_interval(secs ,4,8743 MB
2026-09-02T00:48:46Z,91.69,429.4MiB / 31.36GiB,1.34,1.51TB / 792GB,34.1GB / 19.5GB,16,49.30,70.75,1,0,10,0,CPU:1,-,4,8746 MB
2026-09-02T00:48:52Z,90.79,407.2MiB / 31.36GiB,1.27,1.51TB / 792GB,34.1GB / 19.5GB,16,46.11,69.36,3,0,10,0,CPU:1,IO:1,LWLock:1,0.0~UPDATE jobs SET state = ?, last_error = ?, terminal = ?, updated_at = now()           WHERE id = ? ;; 0.0~INSERT INTO jobs (kind, dedupe_key, payload, not_before, priority)          VALUES (?, ?, ?, now() + make_interval(secs ,4,8748 MB
2026-09-02T00:48:58Z,0.77,408.3MiB / 31.36GiB,1.27,1.51TB / 792GB,34.1GB / 19.5GB,16,46.18,68.98,1,0,10,0,CPU:1,-,4,8749 MB
2026-09-02T00:49:05Z,103.70,422.4MiB / 31.36GiB,1.32,1.51TB / 792GB,34.1GB / 19.5GB,16,43.93,68.14,2,0,10,0,CPU:2,1.2~WITH candidate_vectors AS MATERIALIZED (                  SELECT source_hash, source_kind, chunk_no,                    ,4,8749 MB
2026-09-02T00:49:11Z,6.27,423.5MiB / 31.36GiB,1.32,1.51TB / 792GB,34.1GB / 19.5GB,16,43.69,67.69,1,0,10,0,CPU:1,-,4,8749 MB
2026-09-02T00:49:17Z,80.99,424.2MiB / 31.36GiB,1.32,1.51TB / 792GB,34.1GB / 19.5GB,16,47.86,67.74,2,0,10,0,CPU:1,IO:1,0.0~UPDATE jobs SET state = ?, attempts = attempts + 1, updated_at = now()           WHERE id = (                 SELECT id ,4,8749 MB
2026-09-02T00:49:23Z,3.42,423.8MiB / 31.36GiB,1.32,1.51TB / 792GB,34.1GB / 19.5GB,16,51.72,68.21,1,0,10,0,CPU:1,-,4,8750 MB
2026-09-02T00:49:30Z,2.97,424.1MiB / 31.36GiB,1.32,1.51TB / 792GB,34.1GB / 19.5GB,16,61.11,69.88,1,0,10,0,CPU:1,-,4,8750 MB
2026-09-02T00:49:36Z,107.53,427.7MiB / 31.36GiB,1.33,1.51TB / 792GB,34.1GB / 19.5GB,16,61.42,69.80,2,0,10,0,CPU:2,1.5~WITH candidate_vectors AS MATERIALIZED (                  SELECT source_hash, source_kind, chunk_no,                    ,4,8750 MB
2026-09-02T00:49:42Z,2.81,470.6MiB / 31.36GiB,1.47,1.51TB / 792GB,34.1GB / 19.5GB,16,69.07,71.13,1,0,10,0,CPU:1,-,4,8750 MB
2026-09-02T00:49:48Z,3.21,470.5MiB / 31.36GiB,1.47,1.51TB / 792GB,34.1GB / 19.5GB,16,73.47,72.01,1,0,10,0,CPU:1,-,4,8750 MB
2026-09-02T00:49:54Z,3.03,470.9MiB / 31.36GiB,1.47,1.51TB / 792GB,34.1GB / 19.5GB,16,71.27,71.58,1,0,10,0,CPU:1,-,4,8750 MB
2026-09-02T00:50:00Z,6.74,472.8MiB / 31.36GiB,1.47,1.51TB / 793GB,34.1GB / 19.5GB,16,71.65,71.65,1,0,10,0,CPU:1,-,4,8750 MB
2026-09-02T00:50:07Z,2.99,472.9MiB / 31.36GiB,1.47,1.51TB / 793GB,34.1GB / 19.5GB,16,73.52,72.04,1,0,10,0,CPU:1,-,4,8750 MB
2026-09-02T00:50:13Z,3.06,472.8MiB / 31.36GiB,1.47,1.51TB / 793GB,34.1GB / 19.5GB,16,69.85,71.34,1,0,10,0,CPU:1,-,4,8750 MB
2026-09-02T00:50:19Z,1.20,474.9MiB / 31.36GiB,1.48,1.51TB / 793GB,34.1GB / 19.5GB,16,66.42,70.60,1,0,10,0,CPU:1,-,4,8750 MB
2026-09-02T00:50:25Z,0.76,474.5MiB / 31.36GiB,1.48,1.51TB / 793GB,34.1GB / 19.5GB,16,63.43,69.91,1,0,10,0,CPU:1,-,4,8750 MB
2026-09-02T00:50:31Z,110.87,476.7MiB / 31.36GiB,1.48,1.51TB / 793GB,34.1GB / 19.5GB,16,60.03,69.10,1,1,10,0,CPU:1,-,4,8751 MB
2026-09-02T00:50:38Z,25.15,476.2MiB / 31.36GiB,1.48,1.51TB / 793GB,34.1GB / 19.5GB,16,58.58,68.46,1,0,10,0,CPU:1,-,4,8751 MB
2026-09-02T00:50:44Z,1.17,475.7MiB / 31.36GiB,1.48,1.51TB / 793GB,34.1GB / 19.5GB,16,57.01,67.97,1,0,10,0,CPU:1,-,4,8751 MB
2026-09-02T00:50:50Z,120.62,476.5MiB / 31.36GiB,1.48,1.51TB / 793GB,34.1GB / 19.5GB,16,55.33,67.44,1,1,10,0,CPU:1,-,4,8752 MB
2026-09-02T00:50:56Z,126.48,474.2MiB / 31.36GiB,1.48,1.51TB / 793GB,34.1GB / 19.5GB,16,54.98,67.17,2,0,10,0,CPU:2,1.1~WITH candidate_vectors AS MATERIALIZED (                  SELECT source_hash, source_kind, chunk_no,                    ,4,8752 MB
2026-09-02T00:51:03Z,123.04,472.9MiB / 31.36GiB,1.47,1.51TB / 793GB,34.1GB / 19.5GB,16,55.57,66.90,2,1,10,0,CPU:2,4.6~WITH candidate_vectors AS MATERIALIZED (                  SELECT source_hash, source_kind, chunk_no,                    ,4,8752 MB
2026-09-02T00:51:09Z,3.42,491.7MiB / 31.36GiB,1.53,1.51TB / 793GB,34.1GB / 19.5GB,16,58.64,67.34,1,0,10,0,CPU:1,-,4,8753 MB
2026-09-02T00:51:15Z,3.20,492.5MiB / 31.36GiB,1.53,1.51TB / 793GB,34.1GB / 19.5GB,16,60.83,67.65,1,0,10,0,CPU:1,-,4,8753 MB
2026-09-02T00:51:21Z,3.29,492.8MiB / 31.36GiB,1.53,1.51TB / 793GB,34.1GB / 19.5GB,16,59.73,67.31,1,0,10,0,CPU:1,-,4,8753 MB
2026-09-02T00:51:28Z,3.09,492.4MiB / 31.36GiB,1.53,1.51TB / 793GB,34.1GB / 19.5GB,16,54.26,65.90,1,0,10,0,CPU:1,-,4,8753 MB
2026-09-02T00:51:34Z,3.27,493.3MiB / 31.36GiB,1.54,1.51TB / 793GB,34.1GB / 19.5GB,16,52.24,65.29,1,0,10,0,CPU:1,-,4,8753 MB
2026-09-02T00:51:40Z,106.21,495.6MiB / 31.36GiB,1.54,1.51TB / 793GB,34.1GB / 19.5GB,16,51.34,64.88,2,0,10,0,CPU:2,1.0~WITH candidate_vectors AS MATERIALIZED (                  SELECT source_hash, source_kind, chunk_no,                    ,4,8753 MB
2026-09-02T00:51:46Z,208.92,495.5MiB / 31.36GiB,1.54,1.51TB / 793GB,34.1GB / 19.5GB,16,54.59,65.33,2,1,10,0,CPU:2,7.2~WITH candidate_vectors AS MATERIALIZED (                  SELECT source_hash, source_kind, chunk_no,                    ,4,8753 MB
2026-09-02T00:51:53Z,101.25,472.5MiB / 31.36GiB,1.47,1.51TB / 793GB,34.1GB / 19.5GB,14,56.09,65.28,2,0,9,0,CPU:2,13.4~WITH candidate_vectors AS MATERIALIZED (                  SELECT source_hash, source_kind, chunk_no,                    ,4,8753 MB
2026-09-02T00:51:59Z,102.20,471.5MiB / 31.36GiB,1.47,1.51TB / 793GB,34.1GB / 19.5GB,14,56.89,65.29,2,0,9,0,CPU:2,19.5~WITH candidate_vectors AS MATERIALIZED (                  SELECT source_hash, source_kind, chunk_no,                    ,4,8753 MB
2026-09-02T00:52:05Z,104.01,472.4MiB / 31.36GiB,1.47,1.51TB / 793GB,34.1GB / 19.5GB,14,59.22,65.63,2,0,9,0,CPU:2,25.8~WITH candidate_vectors AS MATERIALIZED (                  SELECT source_hash, source_kind, chunk_no,                    ,4,8753 MB
2026-09-02T00:52:11Z,116.20,471.7MiB / 31.36GiB,1.47,1.51TB / 793GB,34.1GB / 19.5GB,14,58.64,65.41,2,0,9,0,CPU:2,31.9~WITH candidate_vectors AS MATERIALIZED (                  SELECT source_hash, source_kind, chunk_no,                    ,4,8775 MB
2026-09-02T00:52:17Z,0.86,471.7MiB / 31.36GiB,1.47,1.51TB / 793GB,34.1GB / 19.5GB,14,52.21,63.81,1,0,9,0,CPU:1,-,4,8775 MB
2026-09-02T00:52:24Z,1.31,471.8MiB / 31.36GiB,1.47,1.51TB / 793GB,34.1GB / 19.5GB,14,49.15,62.98,1,0,9,0,CPU:1,-,4,8775 MB
2026-09-02T00:52:30Z,0.71,471.5MiB / 31.36GiB,1.47,1.51TB / 793GB,34.1GB / 19.5GB,14,46.10,62.12,1,0,9,0,CPU:1,-,4,8775 MB
2026-09-02T00:52:36Z,3.48,480.2MiB / 31.36GiB,1.50,1.51TB / 793GB,34.1GB / 19.5GB,14,43.21,61.25,1,0,9,0,CPU:1,-,4,8775 MB
2026-09-02T00:52:42Z,54.12,491.7MiB / 31.36GiB,1.53,1.51TB / 793GB,34.1GB / 19.5GB,14,38.59,59.68,1,0,9,0,CPU:1,-,4,8775 MB
2026-09-02T00:52:48Z,1.03,491.3MiB / 31.36GiB,1.53,1.51TB / 793GB,34.1GB / 19.5GB,14,37.42,59.09,1,0,9,0,CPU:1,-,4,8775 MB
2026-09-02T00:52:54Z,0.82,491.8MiB / 31.36GiB,1.53,1.51TB / 793GB,34.1GB / 19.5GB,14,37.63,58.77,1,0,9,0,CPU:1,-,4,8775 MB
2026-09-02T00:53:01Z,3.07,491.7MiB / 31.36GiB,1.53,1.51TB / 793GB,34.1GB / 19.5GB,14,39.02,58.71,1,0,9,0,CPU:1,-,4,8775 MB
2026-09-02T00:53:07Z,2.95,491.6MiB / 31.36GiB,1.53,1.51TB / 793GB,34.1GB / 19.5GB,14,38.06,58.18,1,0,9,0,CPU:1,-,4,8775 MB
2026-09-02T00:53:13Z,2.91,491.5MiB / 31.36GiB,1.53,1.51TB / 793GB,34.1GB / 19.5GB,14,40.34,58.02,1,0,9,0,CPU:1,-,4,8761 MB
2026-09-02T00:53:19Z,102.21,499.2MiB / 31.36GiB,1.55,1.51TB / 793GB,34.1GB / 19.5GB,14,39.03,57.46,2,0,9,0,CPU:2,2.1~WITH candidate_vectors AS MATERIALIZED (                  SELECT source_hash, source_kind, chunk_no,                    ,4,8754 MB
2026-09-02T00:53:25Z,103.39,564.6MiB / 31.36GiB,1.76,1.52TB / 793GB,34.1GB / 19.5GB,16,37.58,56.85,2,0,9,0,CPU:2,5.2~WITH candidate_vectors AS MATERIALIZED (                  SELECT source_hash, source_kind, chunk_no,                    ,4,8754 MB
2026-09-02T00:53:32Z,105.64,564.1MiB / 31.36GiB,1.76,1.52TB / 793GB,34.1GB / 19.5GB,16,36.66,56.34,2,0,9,0,CPU:2,11.3~WITH candidate_vectors AS MATERIALIZED (                  SELECT source_hash, source_kind, chunk_no,                    ,4,8754 MB
2026-09-02T00:53:38Z,102.73,564.8MiB / 31.36GiB,1.76,1.52TB / 793GB,34.1GB / 19.5GB,16,39.45,56.27,2,0,9,0,CPU:2,17.5~WITH candidate_vectors AS MATERIALIZED (                  SELECT source_hash, source_kind, chunk_no,                    ,4,8754 MB
2026-09-02T00:53:44Z,103.22,565MiB / 31.36GiB,1.76,1.52TB / 793GB,34.1GB / 19.5GB,16,37.01,55.48,2,0,9,0,CPU:2,23.8~WITH candidate_vectors AS MATERIALIZED (                  SELECT source_hash, source_kind, chunk_no,                    ,4,8754 MB
2026-09-02T00:53:50Z,103.00,565.3MiB / 31.36GiB,1.76,1.52TB / 793GB,34.1GB / 19.5GB,16,39.09,55.61,2,0,9,0,CPU:2,30.0~WITH candidate_vectors AS MATERIALIZED (                  SELECT source_hash, source_kind, chunk_no,                    ,4,8754 MB
2026-09-02T00:53:56Z,123.66,565.3MiB / 31.36GiB,1.76,1.52TB / 793GB,34.1GB / 19.6GB,16,41.81,55.90,2,1,9,0,CPU:2,36.3~WITH candidate_vectors AS MATERIALIZED (                  SELECT source_hash, source_kind, chunk_no,                    ,4,8754 MB
2026-09-02T00:54:03Z,103.03,566.2MiB / 31.36GiB,1.76,1.52TB / 793GB,34.1GB / 19.6GB,16,44.82,56.10,2,0,9,0,CPU:2,42.4~WITH candidate_vectors AS MATERIALIZED (                  SELECT source_hash, source_kind, chunk_no,                    ,4,8756 MB
2026-09-02T00:54:09Z,104.03,558.4MiB / 31.36GiB,1.74,1.52TB / 793GB,34.1GB / 19.6GB,16,47.24,56.42,2,0,9,0,CPU:2,48.7~WITH candidate_vectors AS MATERIALIZED (                  SELECT source_hash, source_kind, chunk_no,                    ,4,8757 MB
2026-09-02T00:54:15Z,100.96,561.9MiB / 31.36GiB,1.75,1.52TB / 793GB,34.1GB / 19.6GB,16,51.30,57.11,2,0,9,0,CPU:2,54.9~WITH candidate_vectors AS MATERIALIZED (                  SELECT source_hash, source_kind, chunk_no,                    ,4,8757 MB
2026-09-02T00:54:21Z,105.13,562.5MiB / 31.36GiB,1.75,1.52TB / 793GB,34.1GB / 19.6GB,16,55.04,57.79,2,1,9,0,CPU:2,61.1~WITH candidate_vectors AS MATERIALIZED (                  SELECT source_hash, source_kind, chunk_no,                    ,4,8757 MB
2026-09-02T00:54:27Z,100.13,562.7MiB / 31.36GiB,1.75,1.52TB / 793GB,34.1GB / 19.6GB,16,53.46,57.36,2,0,9,0,CPU:2,67.2~WITH candidate_vectors AS MATERIALIZED (                  SELECT source_hash, source_kind, chunk_no,                    ,4,8757 MB
2026-09-02T00:54:34Z,108.38,562MiB / 31.36GiB,1.75,1.52TB / 793GB,34.1GB / 19.6GB,16,51.90,56.98,2,0,9,0,CPU:2,73.4~WITH candidate_vectors AS MATERIALIZED (                  SELECT source_hash, source_kind, chunk_no,                    ,4,8757 MB
2026-09-02T00:54:40Z,125.08,561.7MiB / 31.36GiB,1.75,1.52TB / 793GB,34.1GB / 19.6GB,16,49.51,56.40,2,0,9,0,CPU:2,79.6~WITH candidate_vectors AS MATERIALIZED (                  SELECT source_hash, source_kind, chunk_no,                    ,4,8758 MB
2026-09-02T00:54:46Z,6.14,505.4MiB / 31.36GiB,1.57,1.52TB / 793GB,34.1GB / 19.6GB,14,47.55,55.87,1,0,9,0,CPU:1,-,4,8758 MB
2026-09-02T00:54:52Z,131.32,506.9MiB / 31.36GiB,1.58,1.52TB / 793GB,34.1GB / 19.6GB,26,41.77,54.36,11,1,20,0,CPU:4,IO:4,LWLock:3,0.1~-- Migration 0004 - the content layer: parsed elements, enrichment, vectors. -- -- Workshop 002. Two ideas carry this fi ;; 0.0~CREATE DATABASE "fs3_oversizerequ_1788310493_0000000b0000be3218d15aeb24989398" ;; 0.0~-- Migration 0013 - conversations: turns as first-class indexed content. -- -- Workshop 005 (req-0024..0027). These two ,4,8845 MB
2026-09-02T00:54:58Z,109.77,536.2MiB / 31.36GiB,1.67,1.52TB / 793GB,34.1GB / 19.6GB,28,38.98,53.58,3,0,22,0,CPU:2,IPC:1,5.9~DROP DATABASE IF EXISTS "fs3_capheal_1788310493_000000000000be3218d15aeb23d38260" WITH (FORCE) ;; 1.6~EXPLAIN (ANALYZE, BUFFERS) WITH candidate_vectors AS MATERIALIZED (                  SELECT source_hash, source_kind, ch,4,8862 MB
2026-09-02T00:55:05Z,104.39,520.9MiB / 31.36GiB,1.62,1.52TB / 793GB,34.1GB / 19.6GB,23,40.11,53.57,2,0,15,0,CPU:2,0.0~DROP DATABASE IF EXISTS "fs3_caphealbisec_1788310493_000000070000be3218d15aeb24031610" WITH (FORCE),4,8802 MB
2026-09-02T00:55:11Z,1.45,511.6MiB / 31.36GiB,1.59,1.52TB / 793GB,34.1GB / 19.6GB,19,41.22,53.57,2,0,9,0,CPU:2,0.0~SELECT w.id, r.identity, w.root_path, w.ref_name,                 (SELECT count(*) FROM worktree_files f WHERE f.worktre,4,8758 MB
2026-09-02T00:55:17Z,3.09,511.2MiB / 31.36GiB,1.59,1.52TB / 793GB,34.1GB / 19.6GB,14,40.39,52.99,1,0,9,0,CPU:1,-,4,8758 MB
2026-09-02T00:55:23Z,86.82,520MiB / 31.36GiB,1.62,1.52TB / 793GB,34.1GB / 19.6GB,15,40.12,52.73,1,0,9,0,CPU:1,-,4,8758 MB
2026-09-02T00:55:30Z,3.06,510.7MiB / 31.36GiB,1.59,1.52TB / 793GB,34.1GB / 19.6GB,14,41.79,52.86,1,0,9,0,CPU:1,-,4,8758 MB
2026-09-02T00:55:36Z,3.59,519.9MiB / 31.36GiB,1.62,1.52TB / 793GB,34.1GB / 19.6GB,14,41.17,52.55,1,0,9,0,CPU:1,-,4,8758 MB
2026-09-02T00:55:42Z,100.89,523.3MiB / 31.36GiB,1.63,1.52TB / 793GB,34.1GB / 19.6GB,14,42.96,52.52,1,0,9,0,CPU:1,-,4,8758 MB
2026-09-02T00:55:49Z,24.14,535.1MiB / 31.36GiB,1.67,1.52TB / 793GB,34.1GB / 19.6GB,14,46.33,53.06,1,0,9,0,CPU:1,-,4,8758 MB
2026-09-02T00:55:55Z,98.23,536MiB / 31.36GiB,1.67,1.52TB / 793GB,34.1GB / 19.6GB,14,45.02,52.68,2,0,9,0,CPU:2,1.0~WITH candidate_vectors AS MATERIALIZED (                  SELECT source_hash, source_kind, chunk_no,                    ,4,8758 MB
2026-09-02T00:56:01Z,0.98,535.9MiB / 31.36GiB,1.67,1.52TB / 793GB,34.1GB / 19.6GB,14,43.82,52.30,1,1,9,0,CPU:1,-,4,8758 MB
2026-09-02T00:56:07Z,0.71,535.7MiB / 31.36GiB,1.67,1.52TB / 793GB,34.1GB / 19.6GB,14,51.43,53.57,1,0,9,0,CPU:1,-,4,8758 MB
2026-09-02T00:56:13Z,1.04,535.5MiB / 31.36GiB,1.67,1.52TB / 793GB,34.1GB / 19.6GB,14,48.91,53.01,1,0,9,0,CPU:1,-,4,8758 MB
2026-09-02T00:56:20Z,0.73,514.1MiB / 31.36GiB,1.60,1.52TB / 793GB,34.1GB / 19.6GB,14,47.24,52.59,1,0,9,0,CPU:1,-,4,8758 MB
2026-09-02T00:56:26Z,37.62,515MiB / 31.36GiB,1.60,1.52TB / 793GB,34.1GB / 19.6GB,14,44.58,51.95,1,0,9,0,CPU:1,-,4,8758 MB
2026-09-02T00:56:32Z,3.67,514.2MiB / 31.36GiB,1.60,1.52TB / 793GB,34.1GB / 19.6GB,14,42.87,51.36,1,0,9,0,CPU:1,-,4,8758 MB
2026-09-02T00:56:39Z,3.16,514.1MiB / 31.36GiB,1.60,1.52TB / 793GB,34.1GB / 19.6GB,14,41.76,50.99,1,0,9,0,CPU:1,-,4,8758 MB
2026-09-02T00:56:45Z,131.43,515.6MiB / 31.36GiB,1.61,1.52TB / 793GB,34.1GB / 19.6GB,14,40.74,50.62,2,0,9,0,CPU:2,1.2~WITH candidate_vectors AS MATERIALIZED (                  SELECT source_hash, source_kind, chunk_no,                    ,4,8758 MB
2026-09-02T00:56:51Z,4.50,515.7MiB / 31.36GiB,1.61,1.52TB / 793GB,34.1GB / 19.6GB,14,39.96,50.29,1,0,9,0,CPU:1,-,4,8758 MB
2026-09-02T00:56:58Z,100.98,547.9MiB / 31.36GiB,1.71,1.52TB / 793GB,34.1GB / 19.6GB,14,37.34,49.39,2,0,9,0,CPU:2,4.9~WITH candidate_vectors AS MATERIALIZED (                  SELECT source_hash, source_kind, chunk_no,                    ,4,8758 MB
2026-09-02T00:57:04Z,100.82,548.2MiB / 31.36GiB,1.71,1.52TB / 793GB,34.1GB / 19.6GB,14,35.79,48.87,2,0,9,0,CPU:2,11.3~WITH candidate_vectors AS MATERIALIZED (                  SELECT source_hash, source_kind, chunk_no,                    ,4,8758 MB
2026-09-02T00:57:11Z,101.01,568.8MiB / 31.36GiB,1.77,1.52TB / 793GB,34.2GB / 19.6GB,14,36.61,48.83,2,0,9,0,CPU:2,17.5~WITH candidate_vectors AS MATERIALIZED (                  SELECT source_hash, source_kind, chunk_no,                    ,4,8758 MB
2026-09-02T00:57:17Z,102.70,569.3MiB / 31.36GiB,1.77,1.52TB / 793GB,34.2GB / 19.6GB,14,37.92,48.89,2,0,9,0,CPU:2,23.7~WITH candidate_vectors AS MATERIALIZED (                  SELECT source_hash, source_kind, chunk_no,                    ,4,8758 MB
2026-09-02T00:57:23Z,100.72,568.7MiB / 31.36GiB,1.77,1.52TB / 793GB,34.2GB / 19.6GB,14,38.16,48.58,2,0,9,0,CPU:2,29.8~WITH candidate_vectors AS MATERIALIZED (                  SELECT source_hash, source_kind, chunk_no,                    ,4,8758 MB
2026-09-02T00:57:29Z,100.77,569.3MiB / 31.36GiB,1.77,1.52TB / 793GB,34.2GB / 19.6GB,14,36.86,48.14,2,0,9,0,CPU:2,36.2~WITH candidate_vectors AS MATERIALIZED (                  SELECT source_hash, source_kind, chunk_no,                    ,4,8758 MB
2026-09-02T00:57:36Z,103.02,569.4MiB / 31.36GiB,1.77,1.52TB / 793GB,34.2GB / 19.6GB,14,34.95,47.56,2,0,9,0,CPU:2,42.4~WITH candidate_vectors AS MATERIALIZED (                  SELECT source_hash, source_kind, chunk_no,                    ,4,8758 MB
2026-09-02T00:57:42Z,105.82,571.6MiB / 31.36GiB,1.78,1.52TB / 793GB,34.2GB / 19.6GB,14,35.68,47.50,2,0,9,0,CPU:2,48.6~WITH candidate_vectors AS MATERIALIZED (                  SELECT source_hash, source_kind, chunk_no,                    ,4,8759 MB
2026-09-02T00:57:48Z,3.06,564.9MiB / 31.36GiB,1.76,1.52TB / 793GB,34.2GB / 19.6GB,14,38.68,47.75,1,0,9,0,CPU:1,-,4,8759 MB
2026-09-02T00:57:54Z,4.11,541.7MiB / 31.36GiB,1.69,1.52TB / 793GB,34.2GB / 19.6GB,14,36.94,47.24,1,0,9,0,CPU:1,-,4,8759 MB
2026-09-02T00:58:00Z,3.08,541.8MiB / 31.36GiB,1.69,1.52TB / 793GB,34.2GB / 19.6GB,14,35.83,46.83,1,0,9,0,CPU:1,-,4,8759 MB
2026-09-02T00:58:06Z,4.59,542MiB / 31.36GiB,1.69,1.52TB / 793GB,34.2GB / 19.6GB,14,33.92,46.26,1,0,9,0,CPU:1,-,4,8759 MB
2026-09-02T00:58:13Z,3.88,541.8MiB / 31.36GiB,1.69,1.52TB / 793GB,34.2GB / 19.6GB,14,32.39,45.52,1,0,9,0,CPU:1,-,4,8759 MB
2026-09-02T00:58:19Z,3.15,542.1MiB / 31.36GiB,1.69,1.52TB / 793GB,34.2GB / 19.6GB,14,31.47,45.11,1,0,9,0,CPU:1,-,4,8759 MB
2026-09-02T00:58:25Z,3.48,541.7MiB / 31.36GiB,1.69,1.52TB / 793GB,34.2GB / 19.6GB,14,31.92,44.98,1,0,9,0,CPU:1,-,4,8759 MB
2026-09-02T00:58:31Z,2.37,541.7MiB / 31.36GiB,1.69,1.52TB / 793GB,34.2GB / 19.6GB,14,30.40,44.45,1,0,9,0,CPU:1,-,4,8759 MB
2026-09-02T00:58:38Z,0.76,551.5MiB / 31.36GiB,1.72,1.52TB / 793GB,34.2GB / 19.6GB,14,28.81,43.64,1,0,9,0,CPU:1,-,4,8759 MB
2026-09-02T00:58:44Z,0.98,551.6MiB / 31.36GiB,1.72,1.52TB / 793GB,34.2GB / 19.6GB,14,28.34,43.30,1,0,9,0,CPU:1,-,4,8759 MB
2026-09-02T00:58:50Z,26.86,553.4MiB / 31.36GiB,1.72,1.52TB / 793GB,34.2GB / 19.6GB,14,29.36,43.26,1,0,9,0,CPU:1,-,4,8699 MB
2026-09-02T00:58:56Z,2.43,552.6MiB / 31.36GiB,1.72,1.52TB / 793GB,34.2GB / 19.6GB,14,33.49,43.89,1,0,9,0,CPU:1,-,4,8699 MB
2026-09-02T00:59:03Z,0.96,552.4MiB / 31.36GiB,1.72,1.52TB / 793GB,34.2GB / 19.6GB,14,42.13,45.36,1,0,9,0,CPU:1,-,4,8699 MB
2026-09-02T00:59:09Z,3.13,553.1MiB / 31.36GiB,1.72,1.52TB / 793GB,34.2GB / 19.6GB,14,46.52,46.22,1,0,9,0,CPU:1,-,4,8699 MB
2026-09-02T00:59:15Z,4.38,552.1MiB / 31.36GiB,1.72,1.52TB / 793GB,34.2GB / 19.6GB,14,50.25,47.00,1,0,9,0,CPU:1,-,4,8699 MB
DONE_A
